StationCode;StationName;Category;Region;DwellTime_IPV;StopFlag_IPV;DwellTime_A;StopFlag_A;DwellTime_B;StopFlag_B;DwellTime_C;StopFlag_C;DwellTime_D;StopFlag_D;BufferTime;TransferTime;Labels;XCoord;YCoord;Create
AD;Aadorf;4;Ost;;0;;0;;0;;0;;0;;;;;;
AA;Aarau;2;Mitte;2;1;2;1;2;1;2;1;2;1;0.2;4;SBB;-209.4991625;-427.021373;1
ABE;Aarberg;4;Mitte;;0;;0;;0;;0;;0;;;;;;
ABO;Aarburg-Oftringen;4;Mitte;;0;;0;;0;;0;;0;;;;;;
AAT;Aathal;4;Ost;;0;;0;;0;;0;;0;;;;;;
AEF;Aefligen;5;Mitte;;0;;0;;0;;0;;0;;;;;;
AE;Aesch;4;Mitte;;0;;0;;0;;0;;0;;;;;;
AF;Affoltern am Albis;3;Ost;;0;;0;;0;;0;;0;;;;;;
AGY;Agy;4;Ouest;;0;;0;;0;;0;;0;;;;;;
AIG;Aigle;3;Ouest;1.5;1;1.5;1;1.5;1;1.5;1;1.5;1;0.7;4;SBB,Kanton TI,;240;430;1
AI;Airolo;4;Sud;;0;;0;;0;;0;;0;;;;;;
ALL;Allaman;4;Ouest;;0;;0;;0;;0;;0;;3;;;;
AL;Altdorf;3;Sud;1.5;1;1.5;1;1.5;1;1.5;1;1.5;1;0.4;4;;;;
ALTD;Altendorf;4;Ost;;0;;0;;0;;0;;0;;;;;;
AT;Altmatt;HaV;Ost;;0;;0;;0;;0;;0;;;;;;
ALN;Altnau;HaV;Ost;;0;;0;;0;;0;;0;;;;;;
ALT;Altstätten SG;3;Ost;;0;;0;;0;;0;;0;;;;;;
AP;Ambri-Piotta;4;Sud;;0;;0;;0;;0;;0;;;;;;
AW;Amriswil;4;Ost;1.5;1;1.5;1;1.5;1;1.5;1;1.5;1;0.2;;;;;
AW;Amriswil;4;Ost;1.5;1;1.5;1;1.5;1;1.5;1;1.5;1;0.2;;;;;
AN;Andelfingen;4;Ost;;0;;0;;0;;0;;0;;;;;;
ARB;Arbon;4;Ost;;0;;0;;0;;0;;0;;;;;;
ARBS;Arbon Seemoosriet;5;Ost;;0;;0;;0;;0;;0;;;;;;
ARD;Ardon;4;Ouest;;0;;0;;0;;0;;0;;;;;;
ARN;Arnegg;4;Ost;;0;;0;;0;;0;;0;;;;;;
AX;Arnex;5;Ouest;;0;;0;;0;;0;;0;;;;;;
GD;Arth-Goldau;2;Sud;2;1;2;1;2;1;2;1;2;1;;4;;951.9866035;758.834056;1
AUSG;Au SG;4;Ost;;0;;0;;0;;0;;0;;;;;;
AU;Au ZH;4;Ost;;0;;0;;0;;0;;0;;;;;;
AB;Ausserberg;5;Mitte;;0;;0;;0;;0;;0;;;;;;
AUV;Auvernier;4;Ouest;;0;;0;;0;;0;;0;;;;;;
AV;Avenches;4;Ouest;;0;;0;;0;;0;;0;;;;;;
AVRY;Avry;4;Ouest;;0;;0;;0;;0;;0;;;;;;
BAA;Baar;3;Ost;1.5;1;1.5;1;1.5;1;1.5;1;1.5;1;;3;;;;
BAAL;Baar Lindenpark;4;Ost;;0;;0;;0;;0;;0;;;;;;
BAAN;Baar Neufeld;4;Ost;;0;;0;;0;;0;;0;;;;;;
BAE;Bäch;4;Ost;;0;;0;;0;;0;;0;;;;;;
BRAG;Bad Ragaz;4;Ost;;0;;0;;0;;0;;0;;;;;;
ZZ;Bad Zurzach;4;Ost;;0;;0;;0;;0;;0;;;;;;
BD;Baden;3;Ost;1.5;1;1.5;1;1.5;1;1.5;1;1.5;1;;4;;;;
BLG;Baldegg;5;Mitte;;0;;0;;0;;0;;0;;;;;;
BLGK;Baldegg Kloster;5;Mitte;;0;;0;;0;;0;;0;;;;;;
BAL;Balerna;4;Sud;;0;;0;;0;;0;;0;;;;;;
BLL;Ballwil;5;Mitte;;0;;0;;0;;0;;0;;;;;;
BRG;Bargen;5;Mitte;;0;;0;;0;;0;;0;;;;;;
BS;Basel SBB;1;Mitte;3;1;3;1;3;1;3;1;3;1;;5;;-1271.852641;-968.343583;1
BSDH;Basel SBB Dreispitz Haltestelle;4;Mitte;;0;;0;;0;;0;;0;;;;;;
BSMR;Basel Morgartenring;4;Mitte;;0;;0;;0;;0;;0;;;;;;
BSC;Bassecourt;4;Ouest;;0;;0;;0;;0;;0;;;;;;
BSD;Bassersdorf;3;Ost;;0;;0;;0;;0;;0;;;;;;
BMA;Bauma;4;Ost;;0;;0;;0;;0;;0;;;;;;
BAV;Bavois;5;Ouest;;0;;0;;0;;0;;0;;;;;;
BAZ;Bazenheid;4;Ost;;0;;0;;0;;0;;0;;;;;;
BW;Beinwil am See;4;Mitte;;0;;0;;0;;0;;0;;;;;;
BELP;Bellinzona Piazza Indipedenza;4;Sud;;0;;0;;0;;0;;0;;;;;;
BF;Belfaux CFF;4;Ouest;;0;;0;;0;;0;;0;;;;;;
BFV;Belfaux-Village;5;Ouest;;0;;0;;0;;0;;0;;;;;;
BELL;Bellach;4;Mitte;;0;;0;;0;;0;;0;;;;;;
BEL;Bellinzona;2;Sud;2;1;2;1;2;1;2;1;2;1;;4;;2121.053433;3728.103892;1
BP;Bahnhof;3;Mitte;;0;;0;;0;;0;;0;;;;;;
BPST;Belp Steinbach;4;Mitte;;0;;0;;0;;0;;0;;;;;;
BNK;Benken;5;Ost;;0;;0;;0;;0;;0;;;;;;
BNZ;Benzenschwil;5;Mitte;;0;;0;;0;;0;;0;;;;;;
BERG;Berg;HaV;Ost;;0;;0;;0;;0;;0;;;;;;
BER;Berlingen;HaV;Ost;;0;;0;;0;;0;;0;;;;;;
BN;Bern;1+;Mitte;4;1;4;1;4;1;4;1;4;1;;4;;-1616.653981;1128.642;1
BNAH;Bern Europaplatz;4;Mitte;;0;;0;;0;;0;;0;;;;;;
BNB;Bern Brünnen;4;Mitte;;0;;0;;0;;0;;0;;;;;;
BNBZ;Bern Bümpliz Nord;4;Mitte;;0;;0;;0;;0;;0;;;;;;
BNBS;Bern Bümpliz Süd;4;Mitte;;0;;0;;0;;0;;0;;;;;;
BNST;Bern Stöckacker;4;Mitte;;0;;0;;0;;0;;0;;;;;;
BNWD;Bern Wankdorf;3;Mitte;;0;;0;;0;;0;;0;;5;;;;
BNWE;Bern Weissenbühl;4;Mitte;;0;;0;;0;;0;;0;;;;;;
BET;Bettlach;4;Mitte;;0;;0;;0;;0;;0;;;;;;
BTW;Bettwiesen;HaV;Ost;;0;;0;;0;;0;;0;;;;;;
BV;Bevaix;5;Ouest;;0;;0;;0;;0;;0;;;;;;
BEX;Bex;4;Ouest;;0;;0;;0;;0;;0;;;;;;
BIA;Biasca;4;Sud;;0;;0;;0;;0;;0;;;;;;
BIB;Biberbrugg;4;Ost;;0;;0;;0;;0;;0;;;;;;
BIGG;Biberegg;HaV;Ost;;0;;0;;0;;0;;0;;;;;;
BIST;Biberist Ost;5;Mitte;;0;;0;;0;;0;;0;;;;;;
BIM;Biel Mett;4;Mitte;;0;;0;;0;;0;;0;;;;;;
BI;Biel/Bienne;1+;Ouest;4;1;4;1;4;1;4;1;4;1;;4;;-2069.904095;483.3526565;1
BIBD;Biel/Bienne Bözingerfeld;4;Mitte;;0;;0;;0;;0;;0;;;;;;
BIGE;Bigenthal;HaV;Mitte;;0;;0;;0;;0;;0;;;;;;
BIG;Biglen;4;Mitte;;0;;0;;0;;0;;0;;;;;;
BIL;Bilten;4;Ost;;0;;0;;0;;0;;0;;;;;;
BIR;Birmensdorf ZH;3;Ost;;0;;0;;0;;0;;0;;;;;;
BIRR;Birr;4;Mitte;;0;;0;;0;;0;;0;;;;;;
BWL;Birrwil;4;Mitte;;0;;0;;0;;0;;0;;;;;;
BZN;Bischofszell Nord;4;Ost;;0;;0;;0;;0;;0;;;;;;
BZS;Bischofszell Stadt;4;Ost;;0;;0;;0;;0;;0;;;;;;
BLU;Blumenau;4;Ost;;0;;0;;0;;0;;0;;;;;;
BO;Bodio;4;Sud;;0;;0;;0;;0;;0;;;;;;
BOLE;Bôle;5;Ouest;;0;;0;;0;;0;;0;;;;;;
BOLT;Boltigen;5;Mitte;;0;;0;;0;;0;;0;;;;;;
BCT;Boncourt;4;Ouest;;0;;0;;0;;0;;0;;;;;;
BONI;Boniswil;5;Mitte;;0;;0;;0;;0;;0;;;;;;
BON;Bonstetten-Wettswil;3;Ost;;0;;0;;0;;0;;0;;;;;;
BOSS;Bossière;5;Ouest;;0;;0;;0;;0;;0;;;;;;
BOS;Boswil-Bünzen;4;Mitte;;0;;0;;0;;0;;0;;;;;;
BOT;Bottighofen;HaV;Ost;;0;;0;;0;;0;;0;;;;;;
BDR;Boudry;5;Ouest;;0;;0;;0;;0;;0;;;;;;
BOU;Bouveret;4;Ouest;;0;;0;;0;;0;;0;;;;;;
BOW;Bowil;4;Mitte;;0;;0;;0;;0;;0;;;;;;
BRA;Brassus, Le;4;Ouest;;0;;0;;0;;0;;0;;;;;;
BK;Brenzikofen;HaV;Mitte;;0;;0;;0;;0;;0;;;;;;
BRT;Bretonnières;5;Ouest;;0;;0;;0;;0;;0;;;;;;
BR;Brig;2;Ouest;2;1;2;1;2;1;2;1;2;1;;4;;-329.3652;3328.39752;1
BRIT;Brittnau-Wikon;4;Mitte;;0;;0;;0;;0;;0;;;;;;
BRO;Bronschofen;HaV;Ost;;0;;0;;0;;0;;0;;;;;;
BROA;Bronschofen AMP;HaV;Ost;;0;;0;;0;;0;;0;;;;;;
BG;Brugg AG;3;Ost;1.5;1;1.5;1;1.5;1;1.5;1;1.5;1;;3;;;;
BGG;Brügg BE;4;Mitte;;0;;0;;0;;0;;0;;;;;;
BRN;Brunnadern-Neckertal;HaV;Ost;;0;;0;;0;;0;;0;;;;;;
BRU;Brunnen;4;Sud;;0;;0;;0;;0;;0;;3;;;;
BUB;Bubikon;3;Ost;;0;;0;;0;;0;;0;;;;;;
BURN;Buchrain;4;Mitte;;0;;0;;0;;0;;0;;;;;;
BU;Buchs SG;3;Ost;1.5;1;1.5;1;1.5;1;1.5;1;1.5;1;;4;;;;
BUD;Buchs-Dällikon;3;Ost;;0;;0;;0;;0;;0;;;;;;
BUC;Buckten;5;Mitte;;0;;0;;0;;0;;0;;;;;;
BX;Buix;5;Ouest;;0;;0;;0;;0;;0;;;;;;
BUE;Bülach;2;Ost;2;1;2;1;2;1;2;1;2;1;;4;;898.8887195;-904.009981;1
BUER;Büren an der Aare;4;Mitte;;0;;0;;0;;0;;0;;;;;;
BDF;Burgdorf;3;Mitte;1.5;1;1.5;1;1.5;1;1.5;1;1.5;1;;4;;;;
BDFB;Burgdorf Buchmatt;HaV;Mitte;;0;;0;;0;;0;;0;;;;;;
BDFS;Burgdorf Steinhof;4;Mitte;;0;;0;;0;;0;;0;;;;;;
BGH;Burghalden;4;Ost;;0;;0;;0;;0;;0;;;;;;
BH;Burgholz;HaV;Mitte;;0;;0;;0;;0;;0;;;;;;
BWA;Burgistein-Wattenwil;4;Mitte;;0;;0;;0;;0;;0;;;;;;
BGL;Bürglen;4;Ost;;0;;0;;0;;0;;0;;;;;;
BURI;Burier;4;Ouest;;0;;0;;0;;0;;0;;;;;;
BY;Bussigny;3;Ouest;;0;;0;;0;;0;;0;;;;;;
BNG;Bussnang;HaV;Ost;;0;;0;;0;;0;;0;;;;;;
BUS;Busswil;4;Mitte;;0;;0;;0;;0;;0;;;;;;
BUET;Bütschwil;4;Ost;;0;;0;;0;;0;;0;;;;;;
BTW;Bettwiesen;4;Ouest;;0;;0;;0;;0;;0;;;;;;
CD;Cadenazzo;4;Sud;;0;;0;;0;;0;;0;;;;;;
CAP;Capolago-Riva S. Vitale;4;Sud;;0;;0;;0;;0;;0;;;;;;
CABA;Carouge-Bachet;3;Ouest;;0;;0;;0;;0;;0;;;;;;
CAST;Castione-Arbedo;4;Sud;;0;;0;;0;;0;;0;;;;;;
CHAM;Cham;4;Mitte;1.5;1;1.5;1;1.5;1;1.5;1;1.5;1;;3;;;;
CHAA;Cham Alpenblick;4;Mitte;;0;;0;;0;;0;;0;;;;;;
CHY;Chambésy;4;Ouest;;0;;0;;0;;0;;0;;;;;;
CHN;Chambrelien;4;Ouest;;0;;0;;0;;0;;0;;;;;;
CHA;Chamoson;4;Ouest;;0;;0;;0;;0;;0;;;;;;
CDM;Champ-du-Moulin;5;Ouest;;0;;0;;0;;0;;0;;;;;;
CHHO;Champel-Hôpital;3;Ouest;;0;;0;;0;;0;;0;;;;;;
CHB;Charbonnières;HaV;Ouest;;0;;0;;0;;0;;0;;;;;;
CHAR;Charrat-Fully;4;Ouest;;0;;0;;0;;0;;0;;;;;;
CHF;Châteneuf-Conthey;4;Ouest;;0;;0;;0;;0;;0;;;;;;
CHAT;Châtillens;4;Ouest;;0;;0;;0;;0;;0;;;;;;
CF;Chaux-de-Fonds, La;3;Ouest;;0;;0;;0;;0;;0;;;;;;
CFO;Chaux-de-Fonds-Ouest, La;4;Ouest;;0;;0;;0;;0;;0;;;;;;
CHV;Chavornay;4;Ouest;;0;;0;;0;;0;;0;;;;;;
CHEB;Chéne-Bourg;3;Ouest;;0;;0;;0;;0;;0;;;;;;
CHE;Chénens;5;Ouest;;0;;0;;0;;0;;0;;;;;;
CHX;Chexbrs-Village;4;Ouest;;0;;0;;0;;0;;0;;;;;;
CHS;Cheyres;5;Ouest;;0;;0;;0;;0;;0;;;;;;
CLME;Che-le-Maître-Ecoles;HaV;Ouest;;0;;0;;0;;0;;0;;;;;;
CHI;Chiasso;2;Sud;2;1;2;1;2;1;2;1;2;1;;7;;2150.55564;5000;1
CH;Chur;2;Ost;2;1;2;1;2;1;2;1;2;1;;4;;3235.226062;1397.129247;1
CL;Clarens;4;Ouest;;0;;0;;0;;0;;0;;;;;;
CBY;Collombey;4;Ouest;;0;;0;;0;;0;;0;;;;;;
CMA;Colmegna;5;Sud;;0;;0;;0;;0;;0;;;;;;
CLB;Colombier;4;Ouest;;0;;0;;0;;0;;0;;;;;;
CC;Concise;5;Ouest;;0;;0;;0;;0;;0;;;;;;
DVN;Conversion, La;5;Ouest;;0;;0;;0;;0;;0;;;;;;
COP;Coppet;3;Ouest;;0;;0;;0;;0;;0;;3;;;;
CORC;Corcelles BE;HaV;Ouest;;0;;0;;0;;0;;0;;;;;;
CN;Corcelles Nord;5;Ouest;;0;;0;;0;;0;;0;;;;;;
CS;Corcelles Sud;5;Ouest;;0;;0;;0;;0;;0;;;;;;
CP;Corcelles-Peseux;4;Ouest;;0;;0;;0;;0;;0;;;;;;
COG;Corgémont;4;Ouest;;0;;0;;0;;0;;0;;;;;;
CORM;Cormoret;4;Ouest;;0;;0;;0;;0;;0;;;;;;
CORN;Cornaux;4;Ouest;;0;;0;;0;;0;;0;;;;;;
CORS;Corseaux-Cornalles;HaV;Ouest;;0;;0;;0;;0;;0;;;;;;
CO;Cortébert;4;Ouest;;0;;0;;0;;0;;0;;;;;;
COS;Cossonay;4;Ouest;;0;;0;;0;;0;;0;;;;;;
COT;Cottens;5;Ouest;;0;;0;;0;;0;;0;;;;;;
CCH;Courchavon;5;Ouest;;0;;0;;0;;0;;0;;;;;;
CFV;Courfaivre;4;Ouest;;0;;0;;0;;0;;0;;;;;;
CG;Courgenay;4;Ouest;;0;;0;;0;;0;;0;;;;;;
CT;Court;4;Ouest;;0;;0;;0;;0;;0;;;;;;
CTY;Courtelary;4;Ouest;;0;;0;;0;;0;;0;;;;;;
CTM;Cortemaîche;5;Ouest;;0;;0;;0;;0;;0;;;;;;
COUR;Courtepin;4;Ouest;;0;;0;;0;;0;;0;;;;;;
CTT;Courtételle;5;Ouest;;0;;0;;0;;0;;0;;;;;;
COUS;Cousset;5;Ouest;;0;;0;;0;;0;;0;;;;;;
CVTR;Couvet;5;Ouest;;0;;0;;0;;0;;0;;;;;;
CREM;Crémines;5;Mitte;;0;;0;;0;;0;;0;;;;;;
ZOO;Crémines-Zoo;HaV;Mitte;;0;;0;;0;;0;;0;;;;;;
CRFR;Cressier FR;4;Ouest;;0;;0;;0;;0;;0;;;;;;
CRNE;Cressier NE;4;Ouest;;0;;0;;0;;0;;0;;;;;;
CRET;Crêt-du-Locle, Le;5;Ouest;;0;;0;;0;;0;;0;;;;;;
CRGD;Creux-de-Genthod;4;Ouest;;0;;0;;0;;0;;0;;;;;;
CR;Croy-Romainmôtier;5;Ouest;;0;;0;;0;;0;;0;;;;;;
CGY;Cugy FR;5;Ouest;;0;;0;;0;;0;;0;;;;;;
CU;Cully;4;Ouest;;0;;0;;0;;0;;0;;;;;;
DA;Dachsen;4;Ost;;0;;0;;0;;0;;0;;;;;;
DAG;Dagmersellen;4;Mitte;;0;;0;;0;;0;;0;;;;;;
DK;Däniken;4;Mitte;;0;;0;;0;;0;;0;;;;;;
DR;Därstetten;5;Mitte;;0;;0;;0;;0;;0;;;;;;
DAY;Day, Le;4;Ouest;;0;;0;;0;;0;;0;;;;;;
DG;Degersheim;4;Ost;;0;;0;;0;;0;;0;;;;;;
DN;Deitingen;4;Mitte;;0;;0;;0;;0;;0;;;;;;
DMT;Delémont;3;Ouest;1.5;1;1.5;1;1.5;1;1.5;1;1.5;1;;3;;;;
DL;Delle;3;Ouest;;0;;0;;0;;0;;0;;;;;;
DEN;Denges-Echandes;4;Ouest;;0;;0;;0;;0;;0;;;;;;
DEU;Deurres, Les;5;Ouest;;0;;0;;0;;0;;0;;;;;;
DI;Dielsdorf;3;Ost;;0;;0;;0;;0;;0;;;;;;
DIE;Diepfingen;5;Mitte;;0;;0;;0;;0;;0;;;;;;
DSB;Diesbach-Betschwanden;5;Ost;;0;;0;;0;;0;;0;;;;;;
DSH;Diessenhofen;4;Ost;;0;;0;;0;;0;;0;;;;;;
DTF;Dietfurt;4;Ost;;0;;0;;0;;0;;0;;;;;;
DT;Dietikon;3;Ost;1.5;1;1.5;1;1.5;1;1.5;1;1.5;1;;4;;;;
DTL;Dietlikon;3;Ost;;0;;0;;0;;0;;0;;;;;;
DIH;Dinhard;4;Ost;;0;;0;;0;;0;;0;;;;;;
DOM;Domdidier;4;Ouest;;0;;0;;0;;0;;0;;;;;;
DOP;Dompierre;5;Ouest;;0;;0;;0;;0;;0;;;;;;
DOEP;Dornach Oepfelsee;4;Mitte;;0;;0;;0;;0;;0;;;;;;
DOR;Dornach-Arlesheim;4;Mitte;;0;;0;;0;;0;;0;;;;;;
DOT;Dottikon-Dintikon;4;Mitte;;0;;0;;0;;0;;0;;;;;;
DON;Dotzigen;5;Mitte;;0;;0;;0;;0;;0;;;;;;
DUE;Dübendorf;3;Ost;;0;;0;;0;;0;;0;;;;;;
DUED;Düdingen;4;Mitte;;0;;0;;0;;0;;0;;;;;;
DUG;Duggingen;5;Mitte;;0;;0;;0;;0;;0;;;;;;
DU;Dulliken;4;Mitte;;0;;0;;0;;0;;0;;;;;;
EBI;Ebikon;3;Mitte;1.5;1;1.5;1;1.5;1;1.5;1;1.5;1;;3;;;;
EK;Ebnat-Kappel;4;Ost;;0;;0;;0;;0;;0;;;;;;
ECL;Eclépens;4;Ouest;;0;;0;;0;;0;;0;;;;;;
ECU;Ecublens-Rue;5;Ouest;;0;;0;;0;;0;;0;;;;;;
EF;Effretikon;3;Ost;;0;;0;;0;;0;;0;;4;;;;
EG;Egerkingen;4;Mitte;;0;;0;;0;;0;;0;;;;;;
EB;Eggerberg;HaV;Mitte;;0;;0;;0;;0;;0;;;;;;
EGL;Eglisau;3;Ost;;0;;0;;0;;0;;0;;;;;;
EGN;Egnach;4;Ost;;0;;0;;0;;0;;0;;;;;;
EIF;Eifeld;HaV;Mitte;;0;;0;;0;;0;;0;;;;;;
EI;Eiken;5;Mitte;;0;;0;;0;;0;;0;;;;;;
EIS;Einsiedeln;4;Ost;;0;;0;;0;;0;;0;;;;;;
EL;Elgg;4;Ost;;0;;0;;0;;0;;0;;;;;;
EMB;Embrach-Rorbas;4;Ost;;0;;0;;0;;0;;0;;;;;;
EBR;Emmenbrücke;3;Mitte;1.5;1;1.5;1;1.5;1;1.5;1;1.5;1;;3;;;;
EMM;Emmenmatt;5;Mitte;;0;;0;;0;;0;;0;;;;;;
ENGE;Enge im Simmental;HaV;Mitte;;0;;0;;0;;0;;0;;;;;;
EDA;Ennenda;5;Ost;;0;;0;;0;;0;;0;;;;;;
ENT;Entlebuch;5;Mitte;;0;;0;;0;;0;;0;;;;;;
EP;Ependes;5;Ouest;;0;;0;;0;;0;;0;;;;;;
EPS;Epesses;5;Ouest;;0;;0;;0;;0;;0;;;;;;
ERL;Erlen;4;Ost;;0;;0;;0;;0;;0;;;;;;
EBIS;Erlenbach im Simmental;5;Mitte;;0;;0;;0;;0;;0;;;;;;
ERLB;Erlenbach ZH;3;Ost;;0;;0;;0;;0;;0;;;;;;
ERM;Ermatingen;HaV;Ost;;0;;0;;0;;0;;0;;;;;;
ESEE;Ermensee;5;Mitte;;0;;0;;0;;0;;0;;;;;;
ER;Erstfeld;4;Mitte;1.5;1;1.5;1;1.5;1;1.5;1;1.5;1;;3;;;;
ESB;Eschenbach;4;Mitte;;0;;0;;0;;0;;0;;;;;;
EZ;Eschenz;HaV;Ost;;0;;0;;0;;0;;0;;;;;;
ESL;Eschlikon;4;Ost;;0;;0;;0;;0;;0;;;;;;
ESCH;Escholzmatt;5;Mitte;;0;;0;;0;;0;;0;;;;;;
ESP;Essert-Pittet;5;Ouest;;0;;0;;0;;0;;0;;;;;;
DER;Esserts-de-Rive;HaV;Ouest;;0;;0;;0;;0;;0;;;;;;
EST;Estavayer-le-Lac;4;Ouest;;0;;0;;0;;0;;0;;;;;;
ETOY;Etoy;5;Ouest;;0;;0;;0;;0;;0;;;;;;
EW;Etzwilen;4;Ost;;0;;0;;0;;0;;0;;;;;;
EV;Evionnaz;4;Ouest;;0;;0;;0;;0;;0;;;;;;
EVOU;Evouettes, Les;5;Ouest;;0;;0;;0;;0;;0;;;;;;
FA;Faido;4;Sud;;0;;0;;0;;0;;0;;;;;;
FG;Faoug;4;Ouest;;0;;0;;0;;0;;0;;;;;;
FET;Fehraltorf;3;Ost;;0;;0;;0;;0;;0;;;;;;
FEL;Felben-Wellhausen;4;Ost;;0;;0;;0;;0;;0;;;;;;
FB;Feldbach;4;Ost;;0;;0;;0;;0;;0;;;;;;
FEG;Ferenbalm-Gurbrü;HaV;Mitte;;0;;0;;0;;0;;0;;;;;;
FT;Feuerthalen;HaV;Ost;;0;;0;;0;;0;;0;;;;;;
FI;Fischenthal;4;Ost;;0;;0;;0;;0;;0;;;;;;
FLM;Flamatt;4;Mitte;;0;;0;;0;;0;;0;;;;;;
FLMD;Flamatt Dorf;5;Mitte;;0;;0;;0;;0;;0;;;;;;
FLA;Flawil;4;Mitte;1.5;1;1.5;1;1.5;1;1.5;1;1.5;1;;3;;;;
FLE;Fleurier;4;Ouest;;0;;0;;0;;0;;0;;;;;;
FL;Flüelen;4;Mitte;1.5;1;1.5;1;1.5;1;1.5;1;1.5;1;;3;;;;
FMS;Flums;4;Ost;;0;;0;;0;;0;;0;;;;;;
FRAE;Fräschels;5;Mitte;;0;;0;;0;;0;;0;;;;;;
FF;Frauenfeld;3;Ost;1.5;1;1.5;1;1.5;1;1.5;1;1.5;1;;5;;;;
FRB;Freienbach SBB;4;Ost;;0;;0;;0;;0;;0;;;;;;
FRBS;Freienbach SOB;4;Ost;;0;;0;;0;;0;;0;;;;;;
FRE;Frenkendorf-Füllinsdorf;4;Mitte;;0;;0;;0;;0;;0;;;;;;
FRI;Fribourg/Freiburg;2;Ouest;2;1;2;1;2;1;2;1;2;1;;4;;-2286.192724;1637.608378;1
FRPO;Fribourg/Freiburg Poya;4;Ouest;;0;;0;;0;;0;;0;;;;;;
FCK;Frick;4;Mitte;;0;;0;;0;;0;;0;;3;;;;
FRIN;Frinvillier-Taubenloch;5;Ouest;;0;;0;;0;;0;;0;;;;;;
FR;Frutigen;4;Mitte;;0;;0;;0;;0;;0;;;;;;
GZ;Galmiz;5;Mitte;;0;;0;;0;;0;;0;;;;;;
GP;Gampelen;5;Mitte;;0;;0;;0;;0;;0;;;;;;
GA;Gampel-Steg;4;Mitte;;0;;0;;0;;0;;0;;;;;;
GAE;Gänsbrunnen;4;Mitte;;0;;0;;0;;0;;0;;;;;;
GAS;Gasel;4;Mitte;;0;;0;;0;;0;;0;;;;;;
GELF;Gelfingen;5;Mitte;;0;;0;;0;;0;;0;;;;;;
GKD;Gelterkinden;4;Mitte;1.5;1;1.5;1;1.5;1;1.5;1;1.5;1;;3;;;;
GE;Genève incl. Les Grottes;2;Ouest;2;1;2;1;2;1;2;1;2;1;;4;;-4663.358198;3689.447021;1
GEAP;Genève-Aèroport;2;Ouest;2;1;2;1;2;1;2;1;2;1;;;;-4733.658091;3610.022432;1
GEV;Genève-Eaux-Vives;3;Ouest;;0;;0;;0;;0;;0;;;;;;
GESE;Genève-Sécheron;4;Ouest;;0;;0;;0;;0;;0;;;;;;
GEC;Geneveys-sur-Coffrane, Les;5;Ouest;;0;;0;;0;;0;;0;;;;;;
GDBE;Genthod-Bellevue;4;Ouest;;0;;0;;0;;0;;0;;;;;;
GLF;Gerlafingen;4;Mitte;;0;;0;;0;;0;;0;;;;;;
GER;Gerra (Gamborogno);5;Sud;;0;;0;;0;;0;;0;;;;;;
GSAG;Gersag;4;Mitte;;0;;0;;0;;0;;0;;;;;;
GET;Gettnau;5;Mitte;;0;;0;;0;;0;;0;;;;;;
GIB;Gibswil;4;Ost;;0;;0;;0;;0;;0;;;;;;
GSK;Gisikon-Root;4;Mitte;;0;;0;;0;;0;;0;;;;;;
GIU;Giubiasco;3;Sud;;0;;0;;0;;0;;0;;3;;;;
GIV;Givisiez;4;Ouest;;0;;0;;0;;0;;0;;;;;;
GLA;Gland;3;Ouest;;0;;0;;0;;0;;0;;3;;;;
GLZB;Glanzenberg;3;Ost;;0;;0;;0;;0;;0;;;;;;
GL;Glarus;3;Ost;;0;;0;;0;;0;;0;;;;;;
GLB;Glattbrugg;3;Ost;;0;;0;;0;;0;;0;;;;;;
GF;Glattfelden;4;Ost;;0;;0;;0;;0;;0;;;;;;
GLO;Glovelier;4;Ouest;;0;;0;;0;;0;;0;;;;;;
GOL;Goldach;4;Ost;;0;;0;;0;;0;;0;;;;;;
GO;Goppenstein;4;Mitte;;0;;0;;0;;0;;0;;;;;;
GDA;Gordola;4;Sud;;0;;0;;0;;0;;0;;;;;;
GOR;Gorgier-St-Aubin;4;Ouest;;0;;0;;0;;0;;0;;;;;;
GOE;Göschenen;4;Sud;;0;;0;;0;;0;;0;;4;;;;
GSS;Gossau SG;3;Ost;1.5;1;1.5;1;1.5;1;1.5;1;1.5;1;;4;;;;
GRA;Grandgourt;5;Ouest;;0;;0;;0;;0;;0;;;;;;
GRS;Grandson;4;Ouest;;0;;0;;0;;0;;0;;;;;;
GVAL;Grandval;HaV;Ouest;;0;;0;;0;;0;;0;;;;;;
GRV;Grandvaux;5;Ouest;;0;;0;;0;;0;;0;;;;;;
GRAL;Granges-Lens;4;Ouest;;0;;0;;0;;0;;0;;;;;;
GM;Granges-Marnand;4;Ouest;;0;;0;;0;;0;;0;;;;;;
GREL;Grellingen;4;Mitte;;0;;0;;0;;0;;0;;;;;;
GN;Grenchen Nord;4;Mitte;1.5;1;1.5;1;1.5;1;1.5;1;1.5;1;;3;;;;
GS;Grenchen Süd;3;Mitte;1.5;1;1.5;1;1.5;1;1.5;1;1.5;1;;3;;;;
GRO;Grolley;4;Ouest;;0;;0;;0;;0;;0;;;;;;
GH;Grosshöchstetten;4;Mitte;;0;;0;;0;;0;;0;;;;;;
GRU;Grubenwald;HaV;Mitte;;0;;0;;0;;0;;0;;;;;;
GRF;Grüenfeld;HaV;Ost;;0;;0;;0;;0;;0;;;;;;
GRMA;Grünenmatt;5;Mitte;;0;;0;;0;;0;;0;;;;;;
GUEB;Gübsensee;HaV;Ost;;0;;0;;0;;0;;0;;;;;;
GUE;Gümligen;3;Mitte;;0;;0;;0;;0;;0;;;;;;
GMM;Gümmenen;4;Mitte;;0;;0;;0;;0;;0;;;;;;
GUN;Guntershausen;4;Ost;;0;;0;;0;;0;;0;;;;;;
GUBU;Gutenburg;HaV;Mitte;;0;;0;;0;;0;;0;;;;;;
GUET;Güttingen;HaV;Ost;;0;;0;;0;;0;;0;;;;;;
HAE;Hägendorf;4;Mitte;;0;;0;;0;;0;;0;;;;;;
HAEW;Häggenschwil-Winden;HaV;Ost;;0;;0;;0;;0;;0;;;;;;
HD;Hallwil;5;Mitte;;0;;0;;0;;0;;0;;;;;;
HAS;Hasle LU;5;Mitte;;0;;0;;0;;0;;0;;;;;;
HA;Hasle-Rüegsau;4;Mitte;;0;;0;;0;;0;;0;;;;;;
HPT;Hauptwil;4;Ost;;0;;0;;0;;0;;0;;;;;;
HGV;Hauts-Geneveys, Les;4;Ouest;;0;;0;;0;;0;;0;;;;;;
HED;Hedingen;3;Ost;;0;;0;;0;;0;;0;;;;;;
HEBG;Heerbrugg;3;Ost;;0;;0;;0;;0;;0;;;;;;
HMB;Heimberg;4;Mitte;;0;;0;;0;;0;;0;;;;;;
HDK;Hendschiken;4;Mitte;;0;;0;;0;;0;;0;;;;;;
HGT;Henggart;4;Ost;;0;;0;;0;;0;;0;;;;;;
HEN;Henniez;5;Ouest;;0;;0;;0;;0;;0;;;;;;
HE;Herisau;3;Ost;;0;;0;;0;;0;;0;;;;;;
HERL;Herrliberg-Feldmeilen;3;Ost;;0;;0;;0;;0;;0;;;;;;
HB;Herzogenbuchsee;3;Mitte;;0;;0;;0;;0;;0;;3;;;;
HET;Hettlingen;4;Ost;;0;;0;;0;;0;;0;;;;;;
LHE;Heutte, La;5;Ouest;;0;;0;;0;;0;;0;;;;;;
HBK;Hindelbank;4;Mitte;;0;;0;;0;;0;;0;;;;;;
HI;Hinwil;4;Ost;;0;;0;;0;;0;;0;;;;;;
HIK;Hitzkirch;4;Mitte;;0;;0;;0;;0;;0;;;;;;
HO;Hochdorf;4;Mitte;;0;;0;;0;;0;;0;;;;;;
HOSA;Hochdorf Schönau;5;Mitte;;0;;0;;0;;0;;0;;;;;;
HT;Hohtenn;HaV;Mitte;;0;;0;;0;;0;;0;;;;;;
HOBK;Holderbank AG;4;Mitte;;0;;0;;0;;0;;0;;;;;;
HG;Horgen;3;Ost;;0;;0;;0;;0;;0;;3;;;;
HGO;Horgen Oberdorf;3;Ost;;0;;0;;0;;0;;0;;;;;;
HN;Horn;4;Ost;;0;;0;;0;;0;;0;;;;;;
HUCH;Hünenberg Chämleten;4;Mitte;;0;;0;;0;;0;;0;;;;;;
HUZY;Hünenberg Zythus;4;Mitte;;0;;0;;0;;0;;0;;;;;;
HUEW;Hüntwangen-Wil;4;Ost;;0;;0;;0;;0;;0;;;;;;
HU;Hunzenschwil;4;Mitte;;0;;0;;0;;0;;0;;;;;;
HUR;Hurden;4;Ost;;0;;0;;0;;0;;0;;;;;;
HUE;Hüswil;HaV;Mitte;;0;;0;;0;;0;;0;;;;;;
HM;Hüttlingen-Mettendorf;4;Ost;;0;;0;;0;;0;;0;;;;;;
HWIL;Huttwil;4;Mitte;;0;;0;;0;;0;;0;;;;;;
IL;Illnau;4;Ost;;0;;0;;0;;0;;0;;;;;;
IMHO;Im Holz;HaV;Mitte;;0;;0;;0;;0;;0;;;;;;
IM;Immensee;4;Mitte;;0;;0;;0;;0;;0;;;;;;
INS;Ins;4;Mitte;;0;;0;;0;;0;;0;;;;;;
IO;Interlaken Ost;2;Mitte;2;1;2;1;2;1;2;1;2;1;;5;;-656.2338255;2058.391723;1
IW;Interlaken West;3;Mitte;1.5;1;1.5;1;1.5;1;1.5;1;1.5;1;;3;;;;
IS;Iselle di Trasquera;4;Ouest;;0;;0;;0;;0;;0;;;;;;
ISL;Islikon;4;Ost;;0;;0;;0;;0;;0;;;;;;
IT;Itingen;4;Mitte;;0;;0;;0;;0;;0;;;;;;
JE;Jestetten;4;Ost;;0;;0;;0;;0;;0;;;;;;
JO;Jona;4;Ost;;0;;0;;0;;0;;0;;;;;;
KAU;Kaiseraugst;4;Mitte;;0;;0;;0;;0;;0;;;;;;
KAAG;Kaiserstuhl AG;4;Ost;;0;;0;;0;;0;;0;;;;;;
KAL;Kallnach;5;Mitte;;0;;0;;0;;0;;0;;;;;;
KAB;Kaltbrunn;4;Ost;;0;;0;;0;;0;;0;;;;;;
KA;Kandersteg;4;Mitte;;0;;0;;0;;0;;0;;;;;;
KD;Kaufdorf;4;Mitte;;0;;0;;0;;0;;0;;;;;;
KHF;Kehlhof;4;Ost;;0;;0;;0;;0;;0;;;;;;
KS;Kehrsatz;4;Mitte;;0;;0;;0;;0;;0;;;;;;
KSN;Kehrsatz Nord;4;Mitte;;0;;0;;0;;0;;0;;;;;;
KPT;Kempraten;4;Ost;;0;;0;;0;;0;;0;;;;;;
KN;Kempten;4;Ost;;0;;0;;0;;0;;0;;;;;;
KE;Kemptthal;4;Ost;;0;;0;;0;;0;;0;;;;;;
KZ;Kerzers;4;Mitte;;0;;0;;0;;0;;0;;;;;;
KZPP;Kerzers Papiliorama;4;Mitte;;0;;0;;0;;0;;0;;;;;;
KWL;Kesswil;HaV;Ost;;0;;0;;0;;0;;0;;;;;;
KI;Kiesen;4;Mitte;;0;;0;;0;;0;;0;;;;;;
KIL;Kilchberg;3;Ost;;0;;0;;0;;0;;0;;;;;;
KLW;Killwangen-Spreitenbach;3;Ost;;0;;0;;0;;0;;0;;;;;;
KIAL;Kirchberg-Alchenflüh;5;Mitte;;0;;0;;0;;0;;0;;;;;;
KDI;Kleindietwil;5;Mitte;;0;;0;;0;;0;;0;;;;;;
KLWA;Kleinwabern;4;Mitte;;0;;0;;0;;0;;0;;;;;;
KLI;Klingnau;4;Ost;;0;;0;;0;;0;;0;;;;;;
KL;Kloten;3;Ost;;0;;0;;0;;0;;0;;;;;;
KLB;Kloten Balsberg;3;Ost;;0;;0;;0;;0;;0;;;;;;
KNO;Knonau;4;Ost;;0;;0;;0;;0;;0;;;;;;
KB;Koblenz;4;Ost;;0;;0;;0;;0;;0;;;;;;
KBD;Koblenz Dorf;4;Ost;;0;;0;;0;;0;;0;;;;;;
KOL;Kollbrunn;4;Ost;;0;;0;;0;;0;;0;;;;;;
KK;Kölliken;4;Mitte;;0;;0;;0;;0;;0;;;;;;
KKO;Kölliken Oberdorf;5;Mitte;;0;;0;;0;;0;;0;;;;;;
KOE;Köniz;4;Mitte;;0;;0;;0;;0;;0;;;;;;
KF;Konolfingen;4;Mitte;;0;;0;;0;;0;;0;;;;;;
KRA;Kradolf;4;Ost;;0;;0;;0;;0;;0;;;;;;
KR;Kreuzlingen;3;Ost;1.5;1;1.5;1;1.5;1;1.5;1;1.5;1;;4;;;;
KRB;Kreuzlingen Bernrain;4;Ost;;0;;0;;0;;0;;0;;;;;;
KRH;Kreuzlingen Hafen;4;Ost;;0;;0;;0;;0;;0;;;;;;
KRU;Krummenau;4;Ost;;0;;0;;0;;0;;0;;;;;;
KGD;Küngoldingen;5;Mitte;;0;;0;;0;;0;;0;;;;;;
KURZ;Kurzrickenbach Seepark;HaV;Ost;;0;;0;;0;;0;;0;;;;;;
KGO;Küsnacht Goldbach;3;Ost;;0;;0;;0;;0;;0;;;;;;
KUES;Küsnacht ZH;3;Ost;;0;;0;;0;;0;;0;;;;;;
KUE;Küssnacht am Rigi;4;Mitte;;0;;0;;0;;0;;0;;;;;;
LA;Lachen;3;Ost;;0;;0;;0;;0;;0;;;;;;
LAED;Lädeli;5;Mitte;;0;;0;;0;;0;;0;;;;;;
LL;Lalden;HaV;Mitte;;0;;0;;0;;0;;0;;;;;;
LAM;Lamone-Cadempino;4;Sud;;0;;0;;0;;0;;0;;;;;;
LAPP;Lancy-Pont-Rouge;3;Ouest;;0;;0;;0;;0;;0;;;;;;
LD;Landeron, Le;4;Ouest;;0;;0;;0;;0;;0;;;;;;
LQ;Landquart;2;Ost;2;1;2;1;2;1;2;1;2;1;;4;;3283.056782;995.1229965;1
LDS;Landschlacht;HaV;Ost;;0;;0;;0;;0;;0;;;;;;
LADO;Langendorf;5;Mitte;;0;;0;;0;;0;;0;;;;;;
LTH;Langenthal;3;Mitte;;0;;0;;0;;0;;0;;4;;;;
LTHS;Langenthal Süd;4;Mitte;;0;;0;;0;;0;;0;;;;;;
LN;Langnau;4;Mitte;;0;;0;;0;;0;;0;;;;;;
LAN;Langwiesen;HaV;Ost;;0;;0;;0;;0;;0;;;;;;
LH;Lanzenhäusern;5;Mitte;;0;;0;;0;;0;;0;;;;;;
LAT;Lattigen bei Spiez;HaV;Mitte;;0;;0;;0;;0;;0;;;;;;
LF;Läufelfingen;4;Mitte;;0;;0;;0;;0;;0;;;;;;
LFN;Laufen;3;Mitte;1.5;1;1.5;1;1.5;1;1.5;1;1.5;1;;3;;;;
LFG;Laufenburg;4;Mitte;;0;;0;;0;;0;;0;;;;;;
LPN;Laupen;4;Mitte;;0;;0;;0;;0;;0;;;;;;
LS;Lausanne;1+;Ouest;4;1;4;1;4;1;4;1;4;1;;5;;-3509.270818;2631.691703;1
LSN;Lausen;4;Mitte;;0;;0;;0;;0;;0;;;;;;
LAV;Lavorgo;4;Sud;;0;;0;;0;;0;;0;;;;;;
LECH;Léchelles;5;Ouest;;0;;0;;0;;0;;0;;;;;;
LEN;Lengnau;4;Mitte;;0;;0;;0;;0;;0;;;;;;
LENG;Lengwil;HaV;Ost;;0;;0;;0;;0;;0;;;;;;
LB;Lenzburg;3;Mitte;1.5;1;1.5;1;1.5;1;1.5;1;1.5;1;;3;;;;
LGB;Leuggelbach;5;Ost;;0;;0;;0;;0;;0;;;;;;
LK;Leuk;4;Ouest;1.5;1;1.5;1;1.5;1;1.5;1;1.5;1;;3;;;;
LSG;Lichtensteig;4;Ost;;0;;0;;0;;0;;0;;;;;;
LBF;Liebefeld;4;Mitte;;0;;0;;0;;0;;0;;;;;;
LST;Liestal;3;Mitte;1.5;1;1.5;1;1.5;1;1.5;1;1.5;1;;4;;;;
LIEU;Lieu, Le;5;Ouest;;0;;0;;0;;0;;0;;;;;;
LIG;Ligerz;5;Ouest;;0;;0;;0;;0;;0;;;;;;
LHO;Lindenholz;HaV;Mitte;;0;;0;;0;;0;;0;;;;;;
LIN;Linthal;4;Ost;;0;;0;;0;;0;;0;;;;;;
LINB;Linthal Braunwaldbahn;4;Ost;;0;;0;;0;;0;;0;;;;;;
LIT;Littau;5;Mitte;;0;;0;;0;;0;;0;;;;;;
LO;Locarno;3;Sud;1.5;1;1.5;1;1.5;1;1.5;1;1.5;1;;4;;;;
LOC;Locle, Le;4;Ouest;;0;;0;;0;;0;;0;;;;;;
COL;Locle-Col-des-Roches, Le;4;Ouest;;0;;0;;0;;0;;0;;;;;;
LOM;Lommiswil;5;Mitte;;0;;0;;0;;0;;0;;;;;;
LON;Lonay-Préverenges;5;Ouest;;0;;0;;0;;0;;0;;;;;;
LOT;Lotstetten;4;Ost;;0;;0;;0;;0;;0;;;;;;
LOTZ;Lotzwil;5;Mitte;;0;;0;;0;;0;;0;;;;;;
LUC;Lucens;4;Ouest;;0;;0;;0;;0;;0;;;;;;
LU;Luchsingen-Hätzingen;5;Ost;;0;;0;;0;;0;;0;;;;;;
LG;Lugano;2;Sud;2;1;2;1;2;1;2;1;2;1;;4;;1939.473284;4397.116645;1
LGP;Lugano-Paradiso;4;Sud;;0;;0;;0;;0;;0;;;;;;
LUPF;Lupfig;4;Mitte;;0;;0;;0;;0;;0;;;;;;
LUT;Luterbavh-Attisholz;4;Mitte;;0;;0;;0;;0;;0;;;;;;
LUET;Lütisburg;5;Ost;;0;;0;;0;;0;;0;;;;;;
LTY;Lutry;4;Ouest;;0;;0;;0;;0;;0;;;;;;
LUGO;Lützelflüh-Goldbach;5;Mitte;;0;;0;;0;;0;;0;;;;;;
LZ;Luzern;1;Mitte;3;1;3;1;3;1;3;1;3;1;;4;;398.447252;762.110596;1
LZVH;Luzern Verkehrshaus;4;Mitte;;0;;0;;0;;0;;0;;;;;;
LY;Lyss;4;Ouest;;0;;0;;0;;0;;0;;4;;;;
LYGR;Lyss Grien;5;Ouest;;0;;0;;0;;0;;0;;;;;;
LYS;Lyssach;4;Mitte;;0;;0;;0;;0;;0;;;;;;
MAC;Maccagno;5;Sud;;0;;0;;0;;0;;0;;;;;;
MADI;Madiswil;5;Mitte;;0;;0;;0;;0;;0;;;;;;
MAG;Magadino-Vira;5;Sud;;0;;0;;0;;0;;0;;;;;;
MAEG;Mägenwil;4;Mitte;;0;;0;;0;;0;;0;;;;;;
MF;Maienfeld;4;Ost;;0;;0;;0;;0;;0;;;;;;
MB;Malleray-Bévilard;4;Ouest;;0;;0;;0;;0;;0;;;;;;
MAL;Malters;4;Mitte;;0;;0;;0;;0;;0;;;;;;
MAM;Mammern;HaV;Ost;;0;;0;;0;;0;;0;;;;;;
MAEN;Männedorf;3;Ost;;0;;0;;0;;0;;0;;;;;;
MANN;Mannenbach-Salenstein;HaV;Ost;;0;;0;;0;;0;;0;;;;;;
MEP;Marin-Epagnier;4;Ouest;;0;;0;;0;;0;;0;;;;;;
MAR;Maroggia-Melano;5;Sud;;0;;0;;0;;0;;0;;;;;;
MAER;Märstetten;4;Ost;;0;;0;;0;;0;;0;;;;;;
MTL;Marthalen;4;Ost;;0;;0;;0;;0;;0;;;;;;
MA;Martigny;3;Ouest;1.5;1;1.5;1;1.5;1;1.5;1;1.5;1;;4;;;;
MAE;Märwil;HaV;Ost;;0;;0;;0;;0;;0;;;;;;
MAS;Massongex;5;Ouest;;0;;0;;0;;0;;0;;;;;;
MTR;Matran;5;Ouest;;0;;0;;0;;0;;0;;;;;;
MEG;Meggen;5;Mitte;;0;;0;;0;;0;;0;;;;;;
MEGZ;Meggen Zentrum;5;Mitte;;0;;0;;0;;0;;0;;;;;;
ML;Meilen;3;Ost;;0;;0;;0;;0;;0;;;;;;
MDE;Melide;4;Sud;;0;;0;;0;;0;;0;;;;;;
MELN;Mellikon;4;Ost;;0;;0;;0;;0;;0;;;;;;
MELH;Mellingen Heitersberg;3;Mitte;;0;;0;;0;;0;;0;;;;;;
MELS;Mels;4;Ost;;0;;0;;0;;0;;0;;;;;;
MEN;Mendrisio;3;Sud;1.5;1;1.5;1;1.5;1;1.5;1;1.5;1;;3;;;;
MOSM;Mendrisio San Martino;4;Sud;;0;;0;;0;;0;;0;;;;;;
MAU;Menznau;5;Mitte;;0;;0;;0;;0;;0;;;;;;
MERL;Merlischachen;5;Mitte;;0;;0;;0;;0;;0;;;;;;
MTM;Mettmenstetten;3;Ost;;0;;0;;0;;0;;0;;;;;;
VM;Meyrin;4;Ouest;;0;;0;;0;;0;;0;;;;;;
MEZ;Mezzovico;4;Sud;;0;;0;;0;;0;;0;;;;;;
MIES;Mies;4;Ouest;;0;;0;;0;;0;;0;;;;;;
MINU;Minusio;5;Sud;;0;;0;;0;;0;;0;;;;;;
MIT;Mitlödi;5;Ost;;0;;0;;0;;0;;0;;;;;;
MHN;Mittelhäusern;4;Mitte;;0;;0;;0;;0;;0;;;;;;
MOG;Mogelsberg;HaV;Ost;;0;;0;;0;;0;;0;;;;;;
MOE;Möhlin;4;Mitte;;0;;0;;0;;0;;0;;;;;;
MOLS;Mols;5;Ost;;0;;0;;0;;0;;0;;;;;;
MTH;Monthey;3;Ouest;1.5;1;1.5;1;1.5;1;1.5;1;1.5;1;;;;;;
MX;Montreux;3;Ouest;1.5;1;1.5;1;1.5;1;1.5;1;1.5;1;;4;;;;
MOOS;Moos;4;Mitte;;0;;0;;0;;0;;0;;;;;;
MRL;Moreillon;5;Ouest;;0;;0;;0;;0;;0;;;;;;
MOR;Morges;3;Ouest;1.5;1;1.5;1;1.5;1;1.5;1;1.5;1;;4;;;;
STJ;Morges-St-Jean;4;Ouest;;0;;0;;0;;0;;0;;;;;;
MOER;Mörschwil;4;Ost;;0;;0;;0;;0;;0;;;;;;
MO;Mosen;5;Mitte;;0;;0;;0;;0;;0;;;;;;
MOT;Môtiers;5;Ouest;;0;;0;;0;;0;;0;;;;;;
MD;Moudon;4;Ouest;;0;;0;;0;;0;;0;;;;;;
MOU;Moutier;4;Ouest;1.5;1;1.5;1;1.5;1;1.5;1;1.5;1;;4;;;;
MUEH;Mühlau;4;Mitte;;0;;0;;0;;0;;0;;;;;;
MH;Mühlehorn;4;Ost;;0;;0;;0;;0;;0;;;;;;
MUE;Mülenen;HaV;Mitte;;0;;0;;0;;0;;0;;;;;;
MUEL;Müllheim-Wigoltingen;4;Ost;;0;;0;;0;;0;;0;;;;;;
MPF;Mumpf;5;Mitte;;0;;0;;0;;0;;0;;;;;;
MUEB;Münchenbuchsee;3;Mitte;1.5;1;1.5;1;1.5;1;1.5;1;1.5;1;;;;;;
MST;Münchenstein;4;Mitte;;0;;0;;0;;0;;0;;;;;;
MUCO;Münchenwiler-Courgevaux;4;Ouest;;0;;0;;0;;0;;0;;;;;;
MS;Münsingen;3;Mitte;;0;;0;;0;;0;;0;;;;;;
MSPI;Münsterlingen Spital;HaV;Ost;;0;;0;;0;;0;;0;;;;;;
MSCH;Münsterlingen-Scherzingen;HaV;Ost;;0;;0;;0;;0;;0;;;;;;
LOEW;Muntelier-Löwenberg;HaV;Ouest;;0;;0;;0;;0;;0;;;;;;
MM;Müntschemier;5;Mitte;;0;;0;;0;;0;;0;;;;;;
MUO;Muolen;HaV;Ost;;0;;0;;0;;0;;0;;;;;;
MUVS;Muraz VS;4;Ouest;;0;;0;;0;;0;;0;;;;;;
MG;Murg;4;Ost;;0;;0;;0;;0;;0;;;;;;
MGT;Murgenthal;5;Mitte;;0;;0;;0;;0;;0;;;;;;
MI;Muri AG;4;Mitte;;0;;0;;0;;0;;0;;;;;;
MRT;Murten/Morat;4;Ouest;;0;;0;;0;;0;;0;;;;;;
MU;Muttenz;4;Mitte;;0;;0;;0;;0;;0;;;;;;
NAEF;Näfels-Mollis;4;Ost;;0;;0;;0;;0;;0;;;;;;
NAEN;Nänikon-Greifensee;3;Ost;;0;;0;;0;;0;;0;;;;;;
NEB;Nebikon;4;Mitte;;0;;0;;0;;0;;0;;;;;;
NL;Nesslau-Neu St. Johann;4;Ost;;0;;0;;0;;0;;0;;;;;;
NET;Netstal;4;Ost;;0;;0;;0;;0;;0;;;;;;
NE;Neuchâtel;3;Ouest;1.5;1;1.5;1;1.5;1;1.5;1;1.5;1;;4;;;;
NESE;Neuchâtel-Serrières;4;Ouest;;0;;0;;0;;0;;0;;;;;;
NGG;Neuenegg;5;Mitte;;0;;0;;0;;0;;0;;;;;;
NHOF;Neuenhof;4;Ost;;0;;0;;0;;0;;0;;;;;;
NH;Neuhausen;4;Ost;;0;;0;;0;;0;;0;;;;;;
NHRH;Neuhausen Rheinfall;4;Ost;;0;;0;;0;;0;;0;;;;;;
NK;Neukirch-Egnach;HaV;Ost;;0;;0;;0;;0;;0;;;;;;
NM;Neumühle;HaV;Mitte;;0;;0;;0;;0;;0;;;;;;
NV;Neuveville, La;4;Ouest;;0;;0;;0;;0;;0;;;;;;
NEY;Neyruz;4;Ouest;;0;;0;;0;;0;;0;;;;;;
NID;Nidfurn-Haslen;5;Ost;;0;;0;;0;;0;;0;;;;;;
NOU;Nieder- und Oberurnen;4;Ost;;0;;0;;0;;0;;0;;;;;;
NB;Niederbipp;4;Mitte;;0;;0;;0;;0;;0;;;;;;
NG;Niederglatt;3;Ost;;0;;0;;0;;0;;0;;;;;;
NIE;Niederhasli;3;Ost;;0;;0;;0;;0;;0;;;;;;
NS;Niederscherli;4;Mitte;;0;;0;;0;;0;;0;;;;;;
NWA;Niederwangen;4;Mitte;;0;;0;;0;;0;;0;;;;;;
NW;Niederweningen;4;Ost;;0;;0;;0;;0;;0;;;;;;
NWD;Niederweningen Dorf;4;Ost;;0;;0;;0;;0;;0;;;;;;
NOI;Noiraigue;5;Ouest;;0;;0;;0;;0;;0;;;;;;
NO;Nottwil;4;Mitte;;0;;0;;0;;0;;0;;;;;;
NY;Nyon;3;Ouest;1.5;1;1.5;1;1.5;1;1.5;1;1.5;1;;4;;;;
OA;Oberaach;4;Ost;;0;;0;;0;;0;;0;;;;;;
OB;Oberbuchsiten;4;Mitte;;0;;0;;0;;0;;0;;;;;;
OBB;Oberburg;4;Mitte;;0;;0;;0;;0;;0;;;;;;
OD;Oberdiessbach;4;Mitte;;0;;0;;0;;0;;0;;;;;;
ODF;Oberdorf SO;4;Mitte;;0;;0;;0;;0;;0;;;;;;
OEF;Oberentfelden;4;Mitte;;0;;0;;0;;0;;0;;;;;;
OGL;Oberglatt;3;Ost;;0;;0;;0;;0;;0;;;;;;
OBK;Oberkirch;4;Mitte;;0;;0;;0;;0;;0;;;;;;
ORD;Oberrieden;4;Ost;;0;;0;;0;;0;;0;;;;;;
ORDD;Oberrieden Dorf;4;Ost;;0;;0;;0;;0;;0;;;;;;
ORT;Oberriet;4;Ost;;0;;0;;0;;0;;0;;;;;;
OI;Oberrüti;5;Mitte;;0;;0;;0;;0;;0;;;;;;
OWA;Oberwangen;4;Mitte;;0;;0;;0;;0;;0;;;;;;
OIS;Oberwil im Simmental;4;Mitte;;0;;0;;0;;0;;0;;;;;;
OWT;Oberwinterthur;4;Ost;;0;;0;;0;;0;;0;;;;;;
OEN;Oensingen;3;Mitte;1.5;1;1.5;1;1.5;1;1.5;1;1.5;1;;3;;;;
OEND;Oensingen Dorf;4;Mitte;;0;;0;;0;;0;;0;;;;;;
OE;Oey-Diemtigen;4;Mitte;;0;;0;;0;;0;;0;;;;;;
OL;Olten;2;Mitte;2;1;2;1;2;1;2;1;2;1;;5;;-538.742579;-286.602732;1
OLH;Olten Hammer;4;Mitte;;0;;0;;0;;0;;0;;;;;;
OP;Opfikon;3;Ost;;0;;0;;0;;0;;0;;;;;;
OPP;Oppikon;HaV;Ost;;0;;0;;0;;0;;0;;;;;;
OR;Oron;5;Ouest;;0;;0;;0;;0;;0;;;;;;
OSS;Ossingen;4;Ost;;0;;0;;0;;0;;0;;;;;;
OST;Ostermundigen;3;Mitte;;0;;0;;0;;0;;0;;;;;;
OF;Otelfingen;4;Ost;;0;;0;;0;;0;;0;;;;;;
OFR;Otelfingen Golfpark;4;Ost;;0;;0;;0;;0;;0;;;;;;
OTH;Othmarsingen;4;Mitte;;0;;0;;0;;0;;0;;;;;;
PAL;Palézieux;4;Ouest;1.5;1;1.5;1;1.5;1;1.5;1;1.5;1;;4;;;;
PALV;Palézieux-Village;5;Ouest;;0;;0;;0;;0;;0;;;;;;
PAY;Payerne;3;Ouest;;0;;0;;0;;0;;0;;3;;;;
PEN;Pensier;4;Ouest;;0;;0;;0;;0;;0;;;;;;
PF;Pfäffikon SZ;3;Ost;1.5;1;1.5;1;1.5;1;1.5;1;1.5;1;;4;;;;
PFZ;Pfäffikon ZH;3;Ost;;0;;0;;0;;0;;0;;;;;;
PFU;Pfungen;4;Ost;;0;;0;;0;;0;;0;;;;;;
PIE;Pieterlen;4;Mitte;;0;;0;;0;;0;;0;;;;;;
PINT;Pino-Tronzano;4;Sud;;0;;0;;0;;0;;0;;;;;;
LP;Plaine, La;4;Ouest;;0;;0;;0;;0;;0;;;;;;
PT;Pont, Le;5;Ouest;;0;;0;;0;;0;;0;;;;;;
PTC;Pont-Cèard;4;Ouest;;0;;0;;0;;0;;0;;;;;;
PON;Pontenet;5;Ouest;;0;;0;;0;;0;;0;;;;;;
POR;Porrentruy;4;Ouest;;0;;0;;0;;0;;0;;;;;;
PR;Pratteln;3;Mitte;;0;;0;;0;;0;;0;;;;;;
PRSR;Pratteln Salina Raurica;4;Mitte;;0;;0;;0;;0;;0;;;;;;
PRE;Preglia;4;Sud;;0;;0;;0;;0;;0;;;;;;
PRST;Presta, La, Mines d'asphalte;HaV;Ouest;;0;;0;;0;;0;;0;;;;;;
PRMA;Prilly-Malley;4;Ouest;;0;;0;;0;;0;;0;;;;;;
PUI;Puidoux-Chexbrres;4;Ouest;;0;;0;;0;;0;;0;;3;;;;
PU;Pully;4;Ouest;;0;;0;;0;;0;;0;;;;;;
PUN;Pully Nord;4;Ouest;;0;;0;;0;;0;;0;;;;;;
QUA;Quartino;5;Sud;;0;;0;;0;;0;;0;;;;;;
RZ;Rafz;4;Ost;;0;;0;;0;;0;;0;;;;;;
RMZ;Rämismühle-Zell;4;Ost;;0;;0;;0;;0;;0;;;;;;
RAM;Ramsei;4;Mitte;;0;;0;;0;;0;;0;;;;;;
RZO;Ranzo-S. Abbondio;5;Sud;;0;;0;;0;;0;;0;;;;;;
RW;Rapperswil;3;Ost;1.5;1;1.5;1;1.5;1;1.5;1;1.5;1;;4;;;;
RAR;Raron;4;Ouest;;0;;0;;0;;0;;0;;;;;;
RAET;Räterschen;4;Ost;;0;;0;;0;;0;;0;;;;;;
REB;Rebstein-Marbach;4;Ost;;0;;0;;0;;0;;0;;;;;;
REC;Reconvilier;4;Ouest;;0;;0;;0;;0;;0;;;;;;
REG;Regensdorf-Watt;3;Ost;;0;;0;;0;;0;;0;;;;;;
REIK;Reichenbach im Kandertal;5;Mitte;;0;;0;;0;;0;;0;;;;;;
RG;Reichenburg;4;Ost;;0;;0;;0;;0;;0;;;;;;
REID;Reiden;4;Mitte;;0;;0;;0;;0;;0;;;;;;
REK;Rekingen AG;4;Ost;;0;;0;;0;;0;;0;;;;;;
RE;Renan BE;4;Mitte;;0;;0;;0;;0;;0;;;;;;
REN;Renens;3;Ouest;1.5;1;1.5;1;1.5;1;1.5;1;1.5;1;;4;;;;
REU;Reuchenette-Péry;4;Ouest;;0;;0;;0;;0;;0;;;;;;
REUT;Reutlingen;4;Ost;;0;;0;;0;;0;;0;;;;;;
RCK;Rheineck;4;Ost;;0;;0;;0;;0;;0;;;;;;
RF;Rheinfelden;4;Mitte;;0;;0;;0;;0;;0;;3;;;;
RFAU;Rheinfelden Augarten;4;Mitte;;0;;0;;0;;0;;0;;;;;;
RIAZ;Riazzino;4;Sud;;0;;0;;0;;0;;0;;;;;;
RI;Richterswil;4;Ost;;0;;0;;0;;0;;0;;;;;;
RIK;Rickenbach-Attikon;4;Ost;;0;;0;;0;;0;;0;;;;;;
RID;Riddes;4;Ouest;;0;;0;;0;;0;;0;;;;;;
RCH;Riedbach;4;Mitte;;0;;0;;0;;0;;0;;;;;;
RDM;Riedmatt SZ;HaV;Ost;;0;;0;;0;;0;;0;;;;;;
RIET;Rietheim;4;Ost;;0;;0;;0;;0;;0;;;;;;
RN;Rikon;4;Ost;;0;;0;;0;;0;;0;;;;;;
RGD;Ringoldingen;HaV;Mitte;;0;;0;;0;;0;;0;;;;;;
RIV;Rivaz;5;Ouest;;0;;0;;0;;0;;0;;;;;;
RIB;Rivera-Bironico;4;Sud;;0;;0;;0;;0;;0;;;;;;
ROC;Roche VD;4;Ouest;;0;;0;;0;;0;;0;;;;;;
RCY;Rocheray, le;HaV;Ouest;;0;;0;;0;;0;;0;;;;;;
RO;Rodi-Fiesso;4;Sud;;0;;0;;0;;0;;0;;;;;;
ROBG;Roggwil-Berg;HaV;Ost;;0;;0;;0;;0;;0;;;;;;
ROG;Roggwil-Wynau;4;Mitte;;0;;0;;0;;0;;0;;;;;;
RBA;Rohrbach;5;Mitte;;0;;0;;0;;0;;0;;;;;;
ROL;Rolle;4;Ouest;;0;;0;;0;;0;;0;;;;;;
RH;Romanshorn;3;Ost;1.5;1;1.5;1;1.5;1;1.5;1;1.5;1;;4;;;;
ROM;Romont;3;Ouest;1.5;1;1.5;1;1.5;1;1.5;1;1.5;1;;3;;;;
LBD;Root D4;4;Mitte;;0;;0;;0;;0;;0;;;;;;
RS;Rorschach;3;Ost;1.5;1;1.5;1;1.5;1;1.5;1;1.5;1;;3;;;;
RSHF;Rorschach Hafen;4;Ost;;0;;0;;0;;0;;0;;;;;;
RSST;Rorschach Stadt;4;Ost;;0;;0;;0;;0;;0;;;;;;
ROS;Rosé;5;Ouest;;0;;0;;0;;0;;0;;;;;;
ROSS;Rosshäusern;4;Mitte;;0;;0;;0;;0;;0;;;;;;
RBG;Rothenburg;4;Mitte;;0;;0;;0;;0;;0;;;;;;
RBGD;Rothenburg Dorf;4;Mitte;;0;;0;;0;;0;;0;;;;;;
RTT;Rothenthurm;4;Ost;;0;;0;;0;;0;;0;;;;;;
RTR;Rothrist;4;Mitte;;0;;0;;0;;0;;0;;;;;;
RK;Rotkreuz;3;Mitte;1.5;1;1.5;1;1.5;1;1.5;1;1.5;1;;4;;;;
RUB;Rubigen;4;Mitte;;0;;0;;0;;0;;0;;;;;;
RUEN;Rümikon AG;4;Ost;;0;;0;;0;;0;;0;;;;;;
RUEM;Rümlang;3;Ost;;0;;0;;0;;0;;0;;;;;;
RLG;Rümligen;5;Mitte;;0;;0;;0;;0;;0;;;;;;
RU;Rupperswil;4;Mitte;;0;;0;;0;;0;;0;;;;;;
RUES;Rüschlikon;3;Ost;;0;;0;;0;;0;;0;;;;;;
RUS;Russin;4;Ouest;;0;;0;;0;;0;;0;;;;;;
RTH;Rüthi SG;4;Ost;;0;;0;;0;;0;;0;;;;;;
RUET;Rüti GL;4;Ost;;0;;0;;0;;0;;0;;;;;;
RUE;Rüti ZH;3;Ost;;0;;0;;0;;0;;0;;;;;;
SAN;S. Antonino;4;Sud;;0;;0;;0;;0;;0;;;;;;
SN;S. Nazzaro;4;Sud;;0;;0;;0;;0;;0;;;;;;
SAF;Safenwil;4;Mitte;;0;;0;;0;;0;;0;;;;;;
SD;Saland;4;Ost;;0;;0;;0;;0;;0;;;;;;
SAS;Salez-Sennwald;4;Ost;;0;;0;;0;;0;;0;;;;;;
SAL;Salgesch;4;Ouest;;0;;0;;0;;0;;0;;;;;;
SAM;Samstagern;4;Ost;;0;;0;;0;;0;;0;;;;;;
SA;Sargans;3;Ost;1.5;1;1.5;1;1.5;1;1.5;1;1.5;1;;4;;;;
LSA;Sarraz, La;4;Ouest;;0;;0;;0;;0;;0;;;;;;
SY;Satigny;4;Ouest;;0;;0;;0;;0;;0;;;;;;
SAT;Sattel-Aegeri;4;Ost;;0;;0;;0;;0;;0;;;;;;
SAX;Saxon;4;Ouest;;0;;0;;0;;0;;0;;;;;;
SCH;Schachen (Herisau);HaV;Ost;;0;;0;;0;;0;;0;;;;;;
SCHA;Schachen LU;5;Mitte;;0;;0;;0;;0;;0;;;;;;
SH;Schaffhausen;3;Ost;1.5;1;1.5;1;1.5;1;1.5;1;1.5;1;;4;;;;
SHIE;Schaffhausen im Emmental;HaV;Mitte;;0;;0;;0;;0;;0;;;;;;
SCAE;Schänis;5;Ost;;0;;0;;0;;0;;0;;;;;;
SCHI;Schindellegi-Feusisberg;4;Ost;;0;;0;;0;;0;;0;;;;;;
SBAD;Schinznach Bad;4;Mitte;;0;;0;;0;;0;;0;;;;;;
SCHT;Schlatt;HaV;Ost;;0;;0;;0;;0;;0;;;;;;
SCHN;Schlattingen;HaV;Ost;;0;;0;;0;;0;;0;;;;;;
SCHL;Schlieren;3;Ost;;0;;0;;0;;0;;0;;;;;;
SLF;Schloss Laufen am Rheinfall;4;Ost;;0;;0;;0;;0;;0;;;;;;
SCME;Schmerikon;4;Ost;;0;;0;;0;;0;;0;;;;;;
SCMI;Schmitten;4;Mitte;;0;;0;;0;;0;;0;;;;;;
SCHO;Schöfflisdorf-Oberweningen;4;Ost;;0;;0;;0;;0;;0;;;;;;
SCHB;Schönbühl SBB;4;Mitte;;0;;0;;0;;0;;0;;;;;;
SCOE;Schönenwerd SO;4;Mitte;;0;;0;;0;;0;;0;;;;;;
SCHK;Schottikon;4;Ost;;0;;0;;0;;0;;0;;;;;;
SCBU;Schübelbach-Buttikon;4;Ost;;0;;0;;0;;0;;0;;;;;;
SCUE;Schüpfen;4;Mitte;;0;;0;;0;;0;;0;;;;;;
SCHH;Schüpfheim;4;Mitte;;0;;0;;0;;0;;0;;;;;;
SWB;Schwäbis;HaV;Mitte;;0;;0;;0;;0;;0;;;;;;
SCHD;Schwanden;4;Ost;;0;;0;;0;;0;;0;;;;;;
SCBG;Schwarzenburg;4;Mitte;;0;;0;;0;;0;;0;;;;;;
SBR;Schwarzwasserbrücke;5;Mitte;;0;;0;;0;;0;;0;;;;;;
SCWE;Schwerzenbach ZH;3;Ost;;0;;0;;0;;0;;0;;;;;;
SCHW;Schwyz;4;Sud;1.5;1;1.5;1;1.5;1;1.5;1;1.5;1;;4;;;;
SEC;Séchey;HaV;Ouest;;0;;0;;0;;0;;0;;;;;;
SF;Seftigen;4;Mitte;;0;;0;;0;;0;;0;;;;;;
SEL;Selzach;4;Mitte;;0;;0;;0;;0;;0;;;;;;
SEM;Sempach-Neuenkirch;4;Mitte;1.5;1;1.5;1;1.5;1;1.5;1;1.5;1;;3;;;;
SKY;Sennhof-Kyburg;4;Ost;;0;;0;;0;;0;;0;;;;;;
SEN;Sentier-Orient;5;Ouest;;0;;0;;0;;0;;0;;;;;;
SE;Seon;4;Mitte;;0;;0;;0;;0;;0;;;;;;
SENO;Seon Nord;5;Mitte;;0;;0;;0;;0;;0;;;;;;
SEU;Seuzach;3;Ost;;0;;0;;0;;0;;0;;;;;;
SEV;Sevelen;4;Ost;;0;;0;;0;;0;;0;;;;;;
SIB;Siebnen-Wangen;3;Ost;;0;;0;;0;;0;;0;;;;;;
SHAU;Siegershausen;HaV;Ost;;0;;0;;0;;0;;0;;;;;;
SIE;Sierre/Siders;3;Ouest;1.5;1;1.5;1;1.5;1;1.5;1;1.5;1;;3;;;;
SIG;Siggenthal-Würenlingen;4;Ost;;0;;0;;0;;0;;0;;;;;;
SIGN;Signau;4;Mitte;;0;;0;;0;;0;;0;;;;;;
SINS;Sins;4;Mitte;;0;;0;;0;;0;;0;;;;;;
SIO;Sion;3;Ouest;1.5;1;1.5;1;1.5;1;1.5;1;1.5;1;;3;;;;
SIR;Sirnach;4;Ost;;0;;0;;0;;0;;0;;;;;;
SK;Sisikon;5;Sud;;0;;0;;0;;0;;0;;;;;;
SIS;Sissach;3;Mitte;;0;;0;;0;;0;;0;;3;;;;
SIT;Sitterdorf;5;Ost;;0;;0;;0;;0;;0;;;;;;
SIV;Siviriez;5;Ouest;;0;;0;;0;;0;;0;;;;;;
SGO;Solliat-Golisse;HaV;Ouest;;0;;0;;0;;0;;0;;;;;;
SO;Solothurn;3;Mitte;1.5;1;1.5;1;1.5;1;1.5;1;1.5;1;;4;;;;
SOAD;Solothurn Allmend;4;Mitte;;0;;0;;0;;0;;0;;;;;;
SW;Solothurn West;4;Mitte;;0;;0;;0;;0;;0;;;;;;
SOM;Sommerau;5;Mitte;;0;;0;;0;;0;;0;;;;;;
SCB;Sonceboz-Sombeval;4;Ouest;;0;;0;;0;;0;;0;;;;;;
SV;Sonvilier;4;Ouest;;0;;0;;0;;0;;0;;;;;;
SOR;Sorvilier;5;Ouest;;0;;0;;0;;0;;0;;;;;;
SP;Spiez;3;Mitte;1.5;1;1.5;1;1.5;1;1.5;1;1.5;1;;4;;;;
STER;St. Erhard-Knutwil;4;Mitte;;0;;0;;0;;0;;0;;;;;;
SG;St. Gallen;2;Ost;2;1;2;1;2;1;2;1;2;1;;5;;2818.572081;-589.3046175;1
SGBR;St. Gallen Bruggen;4;Ost;;0;;0;;0;;0;;0;;;;;;
SGHA;St. Gallen Haggen;4;Ost;;0;;0;;0;;0;;0;;;;;;
SGF;St. Gallen St. Fiden;4;Ost;;0;;0;;0;;0;;0;;;;;;
SGWI;St. Gallen Winkeln;4;Ost;;0;;0;;0;;0;;0;;;;;;
STKT;St. Katharinental;HaV;Ost;;0;;0;;0;;0;;0;;;;;;
SMG;St. Margrethen;3;Ost;1.5;1;1.5;1;1.5;1;1.5;1;1.5;1;;;;;;
STA;Staad;4;Ost;;0;;0;;0;;0;;0;;;;;;
STAF;Stabio;4;Sud;;0;;0;;0;;0;;0;;;;;;
STAE;Stäfa;3;Ost;;0;;0;;0;;0;;0;;;;;;
STAL;Stalden im Emmental;HaV;Mitte;;0;;0;;0;;0;;0;;;;;;
STM;Stammheim;4;Ost;;0;;0;;0;;0;;0;;;;;;
SBL;St-Blaise CFF;4;Ouest;;0;;0;;0;;0;;0;;;;;;
SBLB;St-Blaise-Lac;4;Ouest;;0;;0;;0;;0;;0;;;;;;
STK;Steckborn;4;Ost;;0;;0;;0;;0;;0;;;;;;
STEF;Steffisburg;4;Mitte;;0;;0;;0;;0;;0;;;;;;
STG;Steg;4;Ost;;0;;0;;0;;0;;0;;;;;;
STR;Stein am Rhein;4;Ost;;0;;0;;0;;0;;0;;;;;;
STCH;Steinach;4;Ost;;0;;0;;0;;0;;0;;;;;;
STB;Steinebrunn;HaV;Ost;;0;;0;;0;;0;;0;;;;;;
STN;Steinen;4;Sud;;0;;0;;0;;0;;0;;;;;;
STBG;Steinerberg;4;Ost;;0;;0;;0;;0;;0;;;;;;
STE;Steinhausen;4;Ost;;0;;0;;0;;0;;0;;;;;;
STRI;Steinhausen Rigiblick;4;Ost;;0;;0;;0;;0;;0;;;;;;
STMR;Steinmaur;4;Ost;;0;;0;;0;;0;;0;;;;;;
STS;Stein-Säckingen;4;Mitte;;0;;0;;0;;0;;0;;3;;;;
STET;Stettbach;3;Ost;;0;;0;;0;;0;;0;;;;;;
STGI;St-Gingolph (Suisse);4;Ouest;;0;;0;;0;;0;;0;;;;;;
STI;St-Imier;4;Ouest;;0;;0;;0;;0;;0;;;;;;
STIC;St-Imier La Clef;4;Ouest;;0;;0;;0;;0;;0;;;;;;
SLF;Schloss Laufen am Rheinfall;4;Ouest;;0;;0;;0;;0;;0;;;;;;
SM;St-Maurice;3;Ouest;1.5;1;1.5;1;1.5;1;1.5;1;1.5;1;;4;;;;
STP;St-Prex;4;Ouest;;0;;0;;0;;0;;0;;;;;;
STSA;St-Saphorin;5;Ouest;;0;;0;;0;;0;;0;;;;;;
STU;Studen BE;4;Mitte;;0;;0;;0;;0;;0;;;;;;
SU;St-Ursanne;4;Ouest;;0;;0;;0;;0;;0;;;;;;
SUB;Suberg-Grossaffoltern;4;Mitte;;0;;0;;0;;0;;0;;;;;;
SUGI;Sugiez;4;Ouest;;0;;0;;0;;0;;0;;;;;;
SUHR;Suhr;3;Mitte;;0;;0;;0;;0;;0;;;;;;
SLG;Sulgen;4;Ost;;0;;0;;0;;0;;0;;;;;;
SS;Sursee;3;Mitte;1.5;1;1.5;1;1.5;1;1.5;1;1.5;1;;3;;;;
TAEN;Tägerschen;HaV;Ost;;0;;0;;0;;0;;0;;;;;;
TI;Tägertschi;4;Mitte;;0;;0;;0;;0;;0;;;;;;
TAEM;Tägerwilen Dorf;HaV;Ost;;0;;0;;0;;0;;0;;;;;;
TAEG;Tägerwilen-Gottlieben;HaV;Ost;;0;;0;;0;;0;;0;;;;;;
TAN;Tannay;4;Ouest;;0;;0;;0;;0;;0;;;;;;
TD;Tann-Dürnten;4;Ost;;0;;0;;0;;0;;0;;;;;;
TA;Tavannes;4;Ouest;;0;;0;;0;;0;;0;;;;;;
TAV;Taverne-Torricella;4;Sud;;0;;0;;0;;0;;0;;;;;;
TK;Tecknau;4;Mitte;;0;;0;;0;;0;;0;;;;;;
TEN;Tenero;4;Sud;;0;;0;;0;;0;;0;;;;;;
TER;Territet;5;Ouest;;0;;0;;0;;0;;0;;;;;;
TLH;Thalheim-Altikon;4;Ost;;0;;0;;0;;0;;0;;;;;;
TW;Thalwil;3;Ost;;0;;0;;0;;0;;0;;3;;;;
THO;Thörishaus;4;Mitte;;0;;0;;0;;0;;0;;;;;;
THOD;Thörishaus Dorf;4;Mitte;;0;;0;;0;;0;;0;;;;;;
TH;Thun;2;Mitte;2;1;2;1;2;1;2;1;2;1;;4;;-1173.572842;1807.484374;1
THU;Thurnen;4;Mitte;;0;;0;;0;;0;;0;;;;;;
TOA;Tobel-Affeltrangen;HaV;Ost;;0;;0;;0;;0;;0;;;;;;
TO;Toffen;4;Mitte;;0;;0;;0;;0;;0;;;;;;
TOUR;Tour-de-Peilz, La;4;Ouest;;0;;0;;0;;0;;0;;;;;;
TR;Travers;4;Ouest;;0;;0;;0;;0;;0;;;;;;
TREY;Trey;5;Ouest;;0;;0;;0;;0;;0;;;;;;
TRIB;Triboltingen;HaV;Ost;;0;;0;;0;;0;;0;;;;;;
TRI;Trimbach;5;Mitte;;0;;0;;0;;0;;0;;;;;;
TRUE;Trübbach;4;Ost;;0;;0;;0;;0;;0;;;;;;
TSCH;Trubschachen;5;Mitte;;0;;0;;0;;0;;0;;;;;;
TUI;Tuileries, Les;4;Ouest;;0;;0;;0;;0;;0;;;;;;
TU;Turbenthal;4;Ost;;0;;0;;0;;0;;0;;;;;;
TG;Turgi;3;Ost;;0;;0;;0;;0;;0;;3;;;;
TUR;Turtmann;4;Ouest;;0;;0;;0;;0;;0;;;;;;
TUE;Tüscherz;5;Ouest;;0;;0;;0;;0;;0;;;;;;
TWN;Twann;4;Ouest;;0;;0;;0;;0;;0;;;;;;
UER;Uerikon;4;Ost;;0;;0;;0;;0;;0;;;;;;
UE;Uetendorf;4;Mitte;;0;;0;;0;;0;;0;;;;;;
UEA;Uetendorf Allmend;4;Mitte;;0;;0;;0;;0;;0;;;;;;
UET;Uetikon;3;Ost;;0;;0;;0;;0;;0;;;;;;
UNT;Unterterzen;4;Ost;;0;;0;;0;;0;;0;;;;;;
URD;Urdorf;3;Ost;;0;;0;;0;;0;;0;;;;;;
URDW;Urdorf Weihermatt;3;Ost;;0;;0;;0;;0;;0;;;;;;
UST;Uster;3;Ost;;0;;0;;0;;0;;0;;4;;;;
UTI;Uttigen;4;Mitte;;0;;0;;0;;0;;0;;;;;;
UTW;Uttwil;HaV;Ost;;0;;0;;0;;0;;0;;;;;;
UT;Utzenstorf;5;Mitte;;0;;0;;0;;0;;0;;;;;;
UZ;Uznach;4;Ost;;0;;0;;0;;0;;0;;;;;;
UZW;Uzwil;4;Ost;1.5;1;1.5;1;1.5;1;1.5;1;1.5;1;;3;;;;
VAL;Vallorbe;4;Ouest;1.5;1;1.5;1;1.5;1;1.5;1;1.5;1;;;;;;
VAR;Varzo;4;Sud;;0;;0;;0;;0;;0;;;;;;
VD;Vauderens;5;Ouest;;0;;0;;0;;0;;0;;;;;;
VAU;Vaumarcus;5;Ouest;;0;;0;;0;;0;;0;;;;;;
VERN;Vernayaz;4;Ouest;;0;;0;;0;;0;;0;;;;;;
COI;Vernier;4;Ouest;;0;;0;;0;;0;;0;;;;;;
VSX;Versoix;4;Ouest;;0;;0;;0;;0;;0;;;;;;
VV;Vevey;3;Ouest;1.5;1;1.5;1;1.5;1;1.5;1;1.5;1;;4;;;;
VVFU;Vevey-Funi;HaV;Ouest;;0;;0;;0;;0;;0;;;;;;
VEY;Veytaux-Chillon;5;Ouest;;0;;0;;0;;0;;0;;;;;;
VG;Villars-sur-Glâne;4;Ouest;;0;;0;;0;;0;;0;;;;;;
VZ;Villaz-St-Pierre;4;Ouest;;0;;0;;0;;0;;0;;;;;;
VIL;Villeneuve;4;Ouest;;0;;0;;0;;0;;0;;;;;;
VT;Villeret;4;Ouest;;0;;0;;0;;0;;0;;;;;;
VTE;Villette VD;5;Ouest;;0;;0;;0;;0;;0;;;;;;
VIO;Vionnaz;5;Ouest;;0;;0;;0;;0;;0;;;;;;
VI;Visp;2;Ouest;2;1;2;1;2;1;2;1;2;1;;4;;-578.900898;3418.974947;1
VOU;Vouvry;4;Ouest;;0;;0;;0;;0;;0;;;;;;
VU;Vufflens-la-Ville;4;Ouest;;0;;0;;0;;0;;0;;;;;;
WBB;Wabern bei Bern;4;Mitte;;0;;0;;0;;0;;0;;;;;;
WAE;Wädenswil;3;Ost;;0;;0;;0;;0;;0;;3;;;;
WCHW;Walchwil;4;Ost;;0;;0;;0;;0;;0;;;;;;
WCHO;Walchwil Hörndli;5;Ost;;0;;0;;0;;0;;0;;;;;;
WL;Wald;4;Ost;;0;;0;;0;;0;;0;;;;;;
WALD;Waldegg;4;Mitte;;0;;0;;0;;0;;0;;;;;;
WAB;Waldibrücke;5;Mitte;;0;;0;;0;;0;;0;;;;;;
WAL;Walenstadt;4;Ost;;0;;0;;0;;0;;0;;;;;;
WALK;Walkringen;5;Mitte;;0;;0;;0;;0;;0;;;;;;
WS;Wallisellen;3;Ost;;0;;0;;0;;0;;0;;;;;;
WAST;Walterswil-Striegel;5;Mitte;;0;;0;;0;;0;;0;;;;;;
WAA;Wangen an der Aare;4;Mitte;;0;;0;;0;;0;;0;;;;;;
WBOL;Wangen bei Olten;4;Mitte;;0;;0;;0;;0;;0;;;;;;
WA;Wattwil;3;Ost;;0;;0;;0;;0;;0;;;;;;
WAU;Wauwil;4;Mitte;;0;;0;;0;;0;;0;;;;;;
WF;Weinfelden;3;Ost;1.5;1;1.5;1;1.5;1;1.5;1;1.5;1;;5;;;;
WBA;Weissenbach;4;Mitte;;0;;0;;0;;0;;0;;;;;;
WG;Weissenburg;HaV;Mitte;;0;;0;;0;;0;;0;;;;;;
WST;Werthenstein;5;Mitte;;0;;0;;0;;0;;0;;;;;;
WE;Wettingen;3;Ost;1.5;1;1.5;1;1.5;1;1.5;1;1.5;1;;;;;;
WZ;Wetzikon;3;Ost;;0;;0;;0;;0;;0;;4;;;;
WCH;Wichtrach;4;Mitte;;0;;0;;0;;0;;0;;;;;;
WD;Wiesendangen;4;Ost;;0;;0;;0;;0;;0;;;;;;
WIL;Wil;2;Ost;2;1;2;1;2;1;2;1;2;1;;4;;2060.435379;-709.0873575;1
WILA;Wila;4;Ost;;0;;0;;0;;0;;0;;;;;;
WI;Wildegg;4;Mitte;;0;;0;;0;;0;;0;;;;;;
WILN;Wilen bei Wollerau;HaV;Ost;;0;;0;;0;;0;;0;;;;;;
WR;Wiler;5;Mitte;;0;;0;;0;;0;;0;;;;;;
WSAU;Willisau;4;Mitte;;0;;0;;0;;0;;0;;;;;;
WM;Wimmis;5;Mitte;;0;;0;;0;;0;;0;;;;;;
WIN;Winkel am Zürichsee;4;Ost;;0;;0;;0;;0;;0;;;;;;
W;Winterthur;2;Ost;2;1;2;1;2;1;2;1;2;1;;4;;1330.339474;-828.050963;1
WGR;Winterthur Grüze;4;Ost;;0;;0;;0;;0;;0;;;;;;
WHE;Winterthur Hegi;4;Ost;;0;;0;;0;;0;;0;;;;;;
WSEE;Winterthur Seen;4;Ost;;0;;0;;0;;0;;0;;;;;;
TWOE;Winterthur Töss;4;Ost;;0;;0;;0;;0;;0;;;;;;
WWAL;Winterthur Wallrüti;4;Ost;;0;;0;;0;;0;;0;;;;;;
WWUE;Winterthur Wülflingen;4;Ost;;0;;0;;0;;0;;0;;;;;;
WIT;Wittenbach;4;Ost;;0;;0;;0;;0;;0;;;;;;
WO;Wohlen;3;Mitte;;0;;0;;0;;0;;0;;3;;;;
WH;Wolhusen;4;Mitte;;0;;0;;0;;0;;0;;;;;;
WHW;Wolhusen Weid;HaV;Mitte;;0;;0;;0;;0;;0;;;;;;
WOL;Wollerau;4;Ost;;0;;0;;0;;0;;0;;;;;;
WB;Worb SBB;4;Mitte;;0;;0;;0;;0;;0;;;;;;
WUE;Wünnewil;4;Mitte;;0;;0;;0;;0;;0;;;;;;
WUER;Würenlos;4;Ost;;0;;0;;0;;0;;0;;;;;;
WY;Wynigen;4;Mitte;;0;;0;;0;;0;;0;;;;;;
CHP;Yverdon-Champ Pittet;4;Ouest;;0;;0;;0;;0;;0;;;;;;
YV;Yverdon-les-Bains;3;Ouest;1.5;1;1.5;1;1.5;1;1.5;1;1.5;1;;4;;;;
YPRC;Yverdon Y-Parc;4;Ouest;;0;;0;;0;;0;;0;;;;;;
YND;Yvonand;4;Ouest;;0;;0;;0;;0;;0;;;;;;
ZAE;Zäziwil;4;Mitte;;0;;0;;0;;0;;0;;;;;;
ZELL;Zell;5;Ouest;;0;;0;;0;;0;;0;;;;;;
ZB;Ziegelbrücke;3;Ost;1.5;1;1.5;1;1.5;1;1.5;1;1.5;1;;4;;;;
ZBR;Zihlbrücke;HaV;Mitte;;0;;0;;0;;0;;0;;;;;;
ZIM;Zimeysa;4;Ouest;;0;;0;;0;;0;;0;;;;;;
ZF;Zofingen;3;Mitte;1.5;1;1.5;1;1.5;1;1.5;1;1.5;1;;5;;;;
ZO;Zollbrück;5;Mitte;;0;;0;;0;;0;;0;;;;;;
ZOL;Zollikofen;4;Mitte;;0;;0;;0;;0;;0;;;;;;
ZK;Zollikon;3;Ost;;0;;0;;0;;0;;0;;;;;;
ZG;Zug;2;Ost;2;1;2;1;2;1;2;1;2;1;;4;;866.6159235;323.4007965;1
ZGCA;Zug Casino;4;Ost;;0;;0;;0;;0;;0;;;;;;
KMUE;Zug Chollermüli;4;Ost;;0;;0;;0;;0;;0;;;;;;
ZGFR;Zug Fridbach;4;Ost;;0;;0;;0;;0;;0;;;;;;
ZGO;Zug Oberwil;4;Ost;;0;;0;;0;;0;;0;;;;;;
ZGPP;Zug Postplatz;4;Ost;;0;;0;;0;;0;;0;;;;;;
ZGSE;Zug Schutzengel;4;Ost;;0;;0;;0;;0;;0;;;;;;
ZAF;Zürich Affoltern;3;Ost;;0;;0;;0;;0;;0;;;;;;
ZAS;Zürich Altstetten;3;Ost;1.5;1;1.5;1;1.5;1;1.5;1;1.5;1;;4;;;;
ZEN;Zürich Enge;3;Ost;;0;;0;;0;;0;;0;;4;;;;
ZFH;Zürich Flughafen;2;Ost;3;1;3;1;3;1;3;1;3;1;;4;;962.4904855;-647.2111605;1
ZHDB;Zürich Hardbrücke;3;Ost;;0;;0;;0;;0;;0;;3;;;;
ZUE;Zürich HB Halle (3-18);1+;Ost;4;1;4;1;4;1;4;1;4;1;;7;;914.994672;-393.562859;1
ZLOE;Zürich Löwenstrasse;1+;Ost;4;1;4;1;4;1;4;1;4;1;;3;;;;
ZMUS;Zürich Museumsstrasse;1+;Ost;4;1;4;1;4;1;4;1;4;1;;3;;;;
ZOER;Zürich Oerlikon;3;Ost;1.5;1;1.5;1;1.5;1;1.5;1;1.5;1;;4;;;;
ZSEB;Zürich Seebach;3;Ost;;0;;0;;0;;0;;0;;;;;;
ZSTH;Zürich Stadelhofen;3;Ost;;0;;0;;0;;0;;0;;4;;;;
ZTB;Zürich Tiefenbrunnen;3;Ost;;0;;0;;0;;0;;0;;;;;;
ZWIE;Zürich Wiedikon;3;Ost;;0;;0;;0;;0;;0;;;;;;
ZWIP;Zürich Wipkingen;3;Ost;;0;;0;;0;;0;;0;;;;;;
ZWOL;Zürich Wollishofen;3;Ost;;0;;0;;0;;0;;0;;;;;;
ZWD;Zweidlen;4;Ost;;0;;0;;0;;0;;0;;;;;;
ZW;Zweisimmen;3;Mitte;;0;;0;;0;;0;;0;;;;;;
ZWG;Zwingen;4;Mitte;;0;;0;;0;;0;;0;;;;;;
